area_pixels, centroid_x, centroid_y, centroid_x_roi, centroid_y_roi, mean_coords_x, mean_coords_y, lado_px, image_width, image_height, mean_intensity, std_intensity, threshold, class
136.0,28.699,11.794,123.699,110.794,28.699,11.794,50,240,248,0.366,0.208,0.782,0
127.0,30.354,26.992,125.354,125.992,30.579,24.17,50,240,248,0.388,0.232,0.853,0
155.0,27.587,24.477,122.587,123.477,27.577,24.391,50,240,248,0.374,0.22,0.815,0
103.0,30.709,27.699,125.709,126.699,30.762,27.495,50,240,248,0.396,0.234,0.864,0
175.0,28.171,24.406,123.171,123.406,28.171,24.406,50,240,248,0.374,0.224,0.821,0
11.0,26.636,13.091,121.636,112.091,33.347,17.081,50,240,248,0.394,0.236,0.867,0
167.0,31.725,26.204,126.725,125.204,31.725,26.204,50,240,248,0.376,0.227,0.83,0
152.0,29.105,24.77,124.105,123.77,29.105,24.77,50,240,248,0.367,0.215,0.798,0
177.0,31.158,21.379,126.158,120.379,31.158,21.379,50,240,248,0.382,0.229,0.841,0
189.0,30.815,20.328,125.815,119.328,30.815,20.328,50,240,248,0.386,0.233,0.853,0
183.0,32.142,22.902,127.142,121.902,32.142,22.902,50,240,248,0.39,0.238,0.867,0
179.0,27.112,23.832,122.112,122.832,27.112,23.832,50,240,248,0.387,0.231,0.848,0
83.0,20.349,10.542,115.349,109.542,20.406,19.079,50,240,248,0.378,0.222,0.822,0
140.0,33.486,16.271,128.486,115.271,32.987,17.325,50,240,248,0.393,0.238,0.869,0
101.0,20.891,11.634,115.891,110.634,21.052,18.329,50,240,248,0.378,0.222,0.822,0
98.0,21.02,26.531,116.02,125.531,21.366,19.29,50,240,248,0.382,0.227,0.836,0
171.0,25.825,24.509,120.825,123.509,25.825,24.509,50,240,248,0.383,0.228,0.84,0
163.0,17.086,21.724,112.086,120.724,17.086,21.724,50,240,248,0.38,0.222,0.824,0
195.0,30.513,22.682,125.513,121.682,30.513,22.682,50,240,248,0.386,0.235,0.856,0
180.0,18.256,22.3,113.256,121.3,18.256,22.3,50,240,248,0.391,0.235,0.86,0
197.0,21.711,19.096,116.711,118.096,21.711,19.096,50,240,248,0.384,0.229,0.842,0
129.0,23.473,25.62,118.473,124.62,23.473,25.62,50,240,248,0.358,0.199,0.755,0
180.0,25.45,24.117,120.45,123.117,25.45,24.117,50,240,248,0.386,0.233,0.853,0
108.0,19.528,24.806,114.528,123.806,20.125,18.995,50,240,248,0.385,0.229,0.844,0
128.0,27.188,12.148,122.188,111.148,27.191,12.427,50,240,248,0.376,0.216,0.808,0
201.0,20.836,20.373,115.836,119.373,20.836,20.373,50,240,248,0.386,0.233,0.852,0
129.0,27.395,11.938,122.395,110.938,27.368,12.632,50,240,248,0.381,0.221,0.823,0
141.0,25.83,13.206,120.83,112.206,25.83,13.206,50,240,248,0.374,0.215,0.804,0
152.0,23.112,26.211,118.112,125.211,23.112,26.211,50,240,248,0.368,0.215,0.798,0
153.0,22.464,14.771,117.464,113.771,22.464,14.771,50,240,248,0.383,0.222,0.828,0
95.0,40.926,11.547,135.926,110.547,41.324,16.728,50,240,248,0.395,0.234,0.863,0
163.0,21.227,15.755,116.227,114.755,21.169,15.867,50,240,248,0.391,0.235,0.86,0
186.0,20.812,20.645,115.812,119.645,20.812,20.645,50,240,248,0.379,0.229,0.837,0
195.0,20.077,19.221,115.077,118.221,20.077,19.221,50,240,248,0.396,0.238,0.872,0
112.0,25.589,11.277,120.589,110.277,25.135,14.617,50,240,248,0.381,0.215,0.811,0
166.0,26.054,15.331,121.054,114.331,26.054,15.331,50,240,248,0.384,0.224,0.833,0
163.0,26.086,16.613,121.086,115.613,26.086,16.613,50,240,248,0.383,0.226,0.836,0
153.0,25.229,22.837,120.229,121.837,25.229,22.837,50,240,248,0.374,0.22,0.813,0
145.0,18.503,26.386,113.503,125.386,18.503,26.386,50,240,248,0.378,0.221,0.821,0
133.0,33.977,27.579,128.977,126.579,33.977,27.579,50,240,248,0.383,0.222,0.828,0
116.0,35.56,26.422,130.56,125.422,35.56,26.422,50,240,248,0.38,0.219,0.819,0
128.0,32.016,26.32,127.016,125.32,32.016,26.32,50,240,248,0.378,0.219,0.816,0
131.0,38.519,27.382,133.519,126.382,38.519,27.382,50,240,248,0.385,0.224,0.834,0
51.0,30.706,13.882,125.706,112.882,30.19,22.535,50,240,248,0.39,0.225,0.841,0
141.0,31.752,26.858,126.752,125.858,31.752,26.858,50,240,248,0.386,0.224,0.834,0
128.0,35.047,27.023,130.047,126.023,35.047,27.023,50,240,248,0.381,0.223,0.826,0
98.0,28.755,27.561,123.755,126.561,29.121,23.674,50,240,248,0.393,0.227,0.847,0
167.0,34.263,18.904,129.263,117.904,34.263,18.904,50,240,248,0.391,0.228,0.846,0
144.0,25.188,11.681,120.188,110.681,25.17,12.712,50,240,248,0.387,0.228,0.842,0
123.0,22.618,11.285,117.618,110.285,22.62,14.313,50,240,248,0.387,0.225,0.837,0
1.0,24.0,19.0,119.0,118.0,33.0,19.355,50,240,248,0.398,0.235,0.869,0
141.0,23.73,26.241,118.73,125.241,23.624,24.752,50,240,248,0.398,0.233,0.865,0
131.0,20.008,26.435,115.008,125.435,20.071,24.129,50,240,248,0.393,0.232,0.857,0
119.0,33.521,11.773,128.521,110.773,33.559,12.772,50,240,248,0.393,0.226,0.845,0
105.0,18.419,27.514,113.419,126.514,18.604,23.813,50,240,248,0.388,0.225,0.837,0
137.0,32.0,26.029,127.0,125.029,32.0,26.029,50,240,248,0.384,0.224,0.832,0
133.0,22.226,12.068,117.226,111.068,22.191,12.375,50,240,248,0.379,0.218,0.815,0
166.0,23.289,13.319,118.289,112.319,23.289,13.319,50,240,248,0.384,0.228,0.841,0
164.0,23.226,18.872,118.226,117.872,23.226,18.872,50,240,248,0.379,0.225,0.829,0
181.0,24.293,15.95,119.293,114.95,24.293,15.95,50,240,248,0.382,0.231,0.843,0
167.0,27.701,12.581,122.701,111.581,27.701,12.581,50,240,248,0.381,0.225,0.832,0
171.0,26.772,12.363,121.772,111.363,26.772,12.363,50,240,248,0.379,0.223,0.824,0
147.0,23.503,11.993,118.503,110.993,23.503,11.993,50,240,248,0.369,0.212,0.793,0
127.0,31.417,12.929,126.417,111.929,31.417,12.929,50,240,248,0.378,0.219,0.816,0
126.0,28.714,14.381,123.714,113.381,29.058,15.755,50,240,248,0.399,0.238,0.874,0
132.0,23.955,11.697,118.955,110.697,23.955,11.697,50,240,248,0.368,0.209,0.786,0
175.0,23.571,12.651,118.571,111.651,23.571,12.651,50,240,248,0.395,0.237,0.869,0
46.0,21.696,14.761,116.696,113.761,27.254,22.563,50,240,248,0.389,0.229,0.847,0
173.0,23.197,23.312,118.197,122.312,23.197,23.312,50,240,248,0.381,0.224,0.828,0
186.0,24.634,22.296,119.634,121.296,24.634,22.296,50,240,248,0.382,0.23,0.842,0
61.0,22.115,15.377,117.115,114.377,30.162,18.211,50,240,248,0.397,0.241,0.88,0
27.0,22.593,15.815,117.593,114.815,35.883,19.504,50,240,248,0.387,0.228,0.843,0
163.0,28.429,12.675,123.429,111.675,28.429,12.675,50,240,248,0.379,0.224,0.826,0
199.0,24.472,21.754,119.472,120.754,24.472,21.754,50,240,248,0.386,0.233,0.853,0
128.0,27.586,26.594,122.586,125.594,27.609,24.141,50,240,248,0.378,0.22,0.819,0
138.0,28.964,12.0,123.964,111.0,28.964,12.0,50,240,248,0.377,0.216,0.81,0
75.0,23.227,28.267,118.227,127.267,24.195,19.072,50,240,248,0.393,0.238,0.868,0
162.0,28.216,24.309,123.216,123.309,28.216,24.309,50,240,248,0.38,0.224,0.828,0
157.0,26.465,12.783,121.465,111.783,26.465,12.783,50,240,248,0.377,0.22,0.818,0
138.0,36.616,12.659,131.616,111.659,36.616,12.659,50,240,248,0.37,0.213,0.795,0
103.0,33.68,27.262,128.68,126.262,34.712,20.847,50,240,248,0.39,0.235,0.861,0
128.0,30.125,26.258,125.125,125.258,30.418,23.747,50,240,248,0.38,0.225,0.831,0
124.0,31.815,26.46,126.815,125.46,31.91,22.898,50,240,248,0.385,0.23,0.845,0
99.0,32.0,26.444,127.0,125.444,32.96,19.626,50,240,248,0.38,0.222,0.824,0
151.0,31.318,25.748,126.318,124.748,31.318,25.748,50,240,248,0.381,0.226,0.833,0
83.0,31.313,27.747,126.313,126.747,32.529,19.672,50,240,248,0.382,0.226,0.834,0
153.0,26.072,11.569,121.072,110.569,26.072,11.569,50,240,248,0.375,0.217,0.809,0
144.0,34.326,12.75,129.326,111.75,34.326,12.75,50,240,248,0.383,0.227,0.836,0
165.0,29.752,12.352,124.752,111.352,29.752,12.352,50,240,248,0.392,0.233,0.857,0
145.0,27.903,12.786,122.903,111.786,27.903,12.786,50,240,248,0.383,0.224,0.831,0
149.0,36.839,12.617,131.839,111.617,36.839,12.617,50,240,248,0.375,0.219,0.814,0
122.0,18.336,11.697,113.336,110.697,18.336,11.697,50,240,248,0.378,0.216,0.81,0
136.0,23.426,12.478,118.426,111.478,23.426,12.478,50,240,248,0.38,0.222,0.824,0
124.0,23.363,11.968,118.363,110.968,23.363,11.968,50,240,248,0.381,0.221,0.822,0
126.0,22.151,12.556,117.151,111.556,22.151,12.556,50,240,248,0.377,0.215,0.807,0
146.0,25.699,11.61,120.699,110.61,25.699,11.61,50,240,248,0.37,0.211,0.791,0
129.0,25.388,10.636,120.388,109.636,25.388,10.636,50,240,248,0.368,0.207,0.781,0
186.0,25.312,15.855,120.312,114.855,25.312,15.855,50,240,248,0.383,0.229,0.842,0
141.0,24.986,10.745,119.986,109.745,24.986,10.745,50,240,248,0.37,0.209,0.788,0
145.0,25.455,10.752,120.455,109.752,25.455,10.752,50,240,248,0.377,0.215,0.807,0
148.0,24.162,11.236,119.162,110.236,24.162,11.236,50,240,248,0.373,0.214,0.802,0
179.0,24.235,18.536,119.235,117.536,24.235,18.536,50,240,248,0.376,0.217,0.809,0
145.0,29.09,11.821,124.09,110.821,29.09,11.821,50,240,248,0.393,0.234,0.862,0
190.0,24.574,18.505,119.574,117.505,24.574,18.505,50,240,248,0.388,0.233,0.853,0
167.0,27.419,14.275,122.419,113.275,27.419,14.275,50,240,248,0.374,0.219,0.811,0
108.0,25.306,12.074,120.306,111.074,25.39,15.61,50,240,248,0.388,0.224,0.835,0
137.0,25.234,12.854,120.234,111.854,25.184,13.213,50,240,248,0.377,0.216,0.81,0
176.0,28.307,18.722,123.307,117.722,28.307,18.722,50,240,248,0.377,0.225,0.826,0
159.0,27.377,12.491,122.377,111.491,27.377,12.491,50,240,248,0.372,0.215,0.802,0
157.0,26.745,12.72,121.745,111.72,26.745,12.72,50,240,248,0.386,0.225,0.837,0
74.0,30.189,26.365,125.189,125.365,30.933,17.491,50,240,248,0.384,0.225,0.834,0
186.0,27.946,20.167,122.946,119.167,27.946,20.167,50,240,248,0.381,0.229,0.838,0
158.0,25.247,12.937,120.247,111.937,25.247,12.937,50,240,248,0.378,0.219,0.816,0
138.0,23.297,26.529,118.297,125.529,23.297,26.529,50,240,248,0.382,0.222,0.826,0
168.0,25.905,13.768,120.905,112.768,25.905,13.768,50,240,248,0.376,0.221,0.819,0
128.0,26.562,26.227,121.562,125.227,26.62,26.147,50,240,248,0.387,0.229,0.845,0
143.0,22.965,13.07,117.965,112.07,22.965,13.07,50,240,248,0.372,0.212,0.796,0
184.0,33.571,18.136,128.571,117.136,33.571,18.136,50,240,248,0.383,0.232,0.848,0
175.0,24.229,14.291,119.229,113.291,24.229,14.291,50,240,248,0.383,0.225,0.832,0
161.0,31.969,19.957,126.969,118.957,31.969,19.957,50,240,248,0.38,0.224,0.827,0
151.0,23.563,13.272,118.563,112.272,23.563,13.272,50,240,248,0.376,0.218,0.812,0
172.0,19.581,14.988,114.581,113.988,19.581,14.988,50,240,248,0.38,0.226,0.832,0
178.0,30.86,22.18,125.86,121.18,30.86,22.18,50,240,248,0.384,0.228,0.84,0
117.0,23.368,26.333,118.368,125.333,24.078,22.961,50,240,248,0.379,0.221,0.822,0
139.0,25.532,25.691,120.532,124.691,25.532,25.691,50,240,248,0.372,0.215,0.801,0
158.0,24.943,25.589,119.943,124.589,24.943,25.589,50,240,248,0.38,0.225,0.831,0
147.0,28.116,24.415,123.116,123.415,28.116,24.415,50,240,248,0.38,0.221,0.823,0
123.0,27.358,26.504,122.358,125.504,27.358,26.504,50,240,248,0.37,0.212,0.795,0
141.0,25.092,25.645,120.092,124.645,25.092,25.645,50,240,248,0.38,0.221,0.823,0
168.0,24.119,24.226,119.119,123.226,24.119,24.226,50,240,248,0.381,0.224,0.829,0
127.0,29.126,25.866,124.126,124.866,29.126,25.866,50,240,248,0.372,0.213,0.798,0
148.0,21.128,11.284,116.128,110.284,21.128,11.284,50,240,248,0.376,0.214,0.804,0
140.0,24.464,11.986,119.464,110.986,24.464,11.986,50,240,248,0.378,0.215,0.807,0
115.0,22.548,27.2,117.548,126.2,22.746,21.994,50,240,248,0.397,0.233,0.862,0
145.0,20.4,11.586,115.4,110.586,20.4,11.586,50,240,248,0.38,0.217,0.813,0
148.0,24.203,11.365,119.203,110.365,24.203,11.365,50,240,248,0.379,0.218,0.814,0
165.0,23.145,12.17,118.145,111.17,23.145,12.17,50,240,248,0.397,0.232,0.861,0
141.0,25.787,11.993,120.787,110.993,25.787,11.993,50,240,248,0.374,0.211,0.797,0
129.0,26.163,11.783,121.163,110.783,26.163,11.783,50,240,248,0.374,0.211,0.796,0
140.0,22.093,11.764,117.093,110.764,22.093,11.764,50,240,248,0.373,0.212,0.797,0
131.0,22.183,12.008,117.183,111.008,22.183,12.008,50,240,248,0.381,0.219,0.818,0
131.0,20.611,11.656,115.611,110.656,20.707,13.415,50,240,248,0.387,0.225,0.837,0
143.0,24.58,12.175,119.58,111.175,24.58,12.175,50,240,248,0.373,0.214,0.802,0
141.0,19.248,10.957,114.248,109.957,19.248,10.957,50,240,248,0.373,0.214,0.802,0
144.0,26.819,11.674,121.819,110.674,26.819,11.674,50,240,248,0.374,0.212,0.798,0
153.0,27.163,11.667,122.163,110.667,27.163,11.667,50,240,248,0.377,0.217,0.81,0
157.0,26.064,11.28,121.064,110.28,26.064,11.28,50,240,248,0.382,0.22,0.823,0
147.0,25.109,11.816,120.109,110.816,25.109,11.816,50,240,248,0.377,0.214,0.805,0
162.0,22.302,11.802,117.302,110.802,22.302,11.802,50,240,248,0.382,0.222,0.826,0
138.0,33.87,12.732,128.87,111.732,33.87,12.732,50,240,248,0.375,0.22,0.815,0
163.0,22.178,12.27,117.178,111.27,22.178,12.27,50,240,248,0.39,0.232,0.853,0
128.0,25.242,11.977,120.242,110.977,25.583,15.423,50,240,248,0.387,0.227,0.842,0
136.0,21.206,12.279,116.206,111.279,21.206,12.279,50,240,248,0.381,0.218,0.816,0
129.0,22.217,11.612,117.217,110.612,22.336,13.189,50,240,248,0.385,0.223,0.831,0
150.0,25.407,12.187,120.407,111.187,25.407,12.187,50,240,248,0.38,0.22,0.82,0
121.0,31.388,12.76,126.388,111.76,31.388,12.76,50,240,248,0.372,0.214,0.8,0
144.0,27.132,12.104,122.132,111.104,27.132,12.104,50,240,248,0.374,0.213,0.799,0
131.0,32.282,12.489,127.282,111.489,32.511,13.095,50,240,248,0.38,0.223,0.826,0
145.0,27.593,12.986,122.593,111.986,27.593,12.986,50,240,248,0.376,0.216,0.808,0
196.0,27.969,21.531,122.969,120.531,27.969,21.531,50,240,248,0.396,0.242,0.88,0
23.0,19.087,11.696,114.087,110.696,21.012,23.788,50,240,248,0.389,0.233,0.856,0
132.0,31.47,11.311,126.47,110.311,31.474,11.429,50,240,248,0.389,0.228,0.844,0
134.0,22.619,11.731,117.619,110.731,22.619,11.731,50,240,248,0.385,0.222,0.829,0
135.0,20.541,20.659,115.541,119.659,20.603,20.713,50,240,248,0.392,0.234,0.861,0
158.0,21.139,13.399,116.139,112.399,21.139,13.399,50,240,248,0.38,0.22,0.82,0
126.0,19.992,11.937,114.992,110.937,20.443,15.089,50,240,248,0.382,0.222,0.826,0
180.0,27.261,16.533,122.261,115.533,27.261,16.533,50,240,248,0.388,0.23,0.849,0
180.0,33.122,13.706,128.122,112.706,33.122,13.706,50,240,248,0.383,0.23,0.843,0
143.0,28.762,12.503,123.762,111.503,28.762,12.503,50,240,248,0.376,0.217,0.81,0
128.0,30.156,12.219,125.156,111.219,30.219,13.877,50,240,248,0.374,0.217,0.808,0
184.0,29.701,17.538,124.701,116.538,29.701,17.538,50,240,248,0.383,0.225,0.833,0
175.0,29.794,17.343,124.794,116.343,29.794,17.343,50,240,248,0.378,0.22,0.819,0
160.0,32.481,12.931,127.481,111.931,32.481,12.931,50,240,248,0.375,0.221,0.816,0
123.0,22.715,12.455,117.715,111.455,22.606,14.599,50,240,248,0.393,0.232,0.857,0
159.0,30.616,12.994,125.616,111.994,30.616,12.994,50,240,248,0.373,0.217,0.807,0
150.0,31.78,12.953,126.78,111.953,31.78,12.953,50,240,248,0.371,0.215,0.801,0
117.0,31.154,12.0,126.154,111.0,32.251,16.323,50,240,248,0.378,0.223,0.825,0
134.0,24.343,11.903,119.343,110.903,24.343,11.903,50,240,248,0.376,0.215,0.805,0
165.0,30.442,12.564,125.442,111.564,30.442,12.564,50,240,248,0.374,0.219,0.812,0
154.0,25.468,12.838,120.468,111.838,25.468,12.838,50,240,248,0.379,0.221,0.822,0
120.0,30.983,26.783,125.983,125.783,32.686,22.514,50,240,248,0.382,0.23,0.843,0
172.0,33.721,25.506,128.721,124.506,33.721,25.506,50,240,248,0.378,0.228,0.835,0
156.0,32.237,23.994,127.237,122.994,32.237,23.994,50,240,248,0.378,0.224,0.827,0
126.0,34.746,26.913,129.746,125.913,34.796,24.115,50,240,248,0.378,0.223,0.824,0
113.0,32.301,26.788,127.301,125.788,33.228,23.494,50,240,248,0.383,0.23,0.843,0
172.0,29.186,15.901,124.186,114.901,29.186,15.901,50,240,248,0.392,0.235,0.861,0
145.0,33.648,26.993,128.648,125.993,33.821,26.417,50,240,248,0.381,0.226,0.834,0
135.0,30.37,26.178,125.37,125.178,30.37,26.178,50,240,248,0.363,0.211,0.785,0
152.0,32.118,25.612,127.118,124.612,32.118,25.612,50,240,248,0.368,0.217,0.801,0
141.0,30.397,26.901,125.397,125.901,30.397,26.901,50,240,248,0.361,0.208,0.776,0
130.0,30.338,26.6,125.338,125.6,30.338,26.6,50,240,248,0.357,0.204,0.766,0
140.0,29.893,26.514,124.893,125.514,29.893,26.514,50,240,248,0.368,0.214,0.795,0
141.0,32.915,26.418,127.915,125.418,32.915,26.418,50,240,248,0.367,0.216,0.799,0
134.0,25.373,25.627,120.373,124.627,25.373,25.627,50,240,248,0.366,0.211,0.787,0
143.0,31.028,25.944,126.028,124.944,31.028,25.944,50,240,248,0.361,0.21,0.781,0
109.0,29.0,11.294,124.0,110.294,28.914,15.743,50,240,248,0.389,0.23,0.849,0
179.0,30.927,20.0,125.927,119.0,30.927,20.0,50,240,248,0.381,0.227,0.835,0
145.0,31.717,12.386,126.717,111.386,31.717,12.386,50,240,248,0.376,0.219,0.814,0
135.0,29.007,12.252,124.007,111.252,29.007,12.252,50,240,248,0.363,0.206,0.775,0
150.0,31.827,25.753,126.827,124.753,31.827,25.753,50,240,248,0.366,0.215,0.796,0
141.0,33.518,12.319,128.518,111.319,33.518,12.319,50,240,248,0.388,0.23,0.848,0
131.0,29.115,12.153,124.115,111.153,29.115,12.153,50,240,248,0.367,0.209,0.785,0
108.0,35.065,12.148,130.065,111.148,35.146,17.285,50,240,248,0.371,0.216,0.803,0
37.0,32.595,28.541,127.595,127.541,33.601,16.439,50,240,248,0.374,0.218,0.81,0
138.0,27.413,12.268,122.413,111.268,27.413,12.268,50,240,248,0.367,0.21,0.787,0
153.0,26.275,11.791,121.275,110.791,26.275,11.791,50,240,248,0.375,0.218,0.81,0
74.0,28.932,11.216,123.932,110.216,30.079,21.051,50,240,248,0.387,0.229,0.844,0
132.0,26.977,11.674,121.977,110.674,26.977,11.674,50,240,248,0.369,0.21,0.789,0
136.0,30.566,13.022,125.566,112.022,30.234,16.766,50,240,248,0.392,0.239,0.869,0
143.0,30.874,12.021,125.874,111.021,30.874,12.021,50,240,248,0.378,0.221,0.819,0
151.0,27.483,12.464,122.483,111.464,27.483,12.464,50,240,248,0.379,0.223,0.826,0
176.0,28.898,20.489,123.898,119.489,28.898,20.489,50,240,248,0.386,0.235,0.856,0
136.0,25.926,12.853,120.926,111.853,25.926,12.853,50,240,248,0.38,0.219,0.819,0
161.0,26.739,18.764,121.739,117.764,26.739,18.764,50,240,248,0.386,0.23,0.846,0
200.0,30.685,21.51,125.685,120.51,30.685,21.51,50,240,248,0.394,0.241,0.877,0
154.0,29.266,21.273,124.266,120.273,29.266,21.273,50,240,248,0.388,0.235,0.858,0
132.0,27.432,21.0,122.432,120.0,27.552,21.075,50,240,248,0.387,0.231,0.85,0
167.0,31.162,12.054,126.162,111.054,31.162,12.054,50,240,248,0.383,0.226,0.836,0
130.0,32.3,11.877,127.3,110.877,32.3,11.877,50,240,248,0.372,0.214,0.801,0
83.0,29.904,27.747,124.904,126.747,30.484,20.148,50,240,248,0.385,0.224,0.832,0
114.0,28.456,26.825,123.456,125.825,28.532,22.825,50,240,248,0.384,0.228,0.84,0
137.0,25.336,11.38,120.336,110.38,25.331,12.534,50,240,248,0.385,0.223,0.832,0
157.0,22.777,22.911,117.777,121.911,22.777,22.911,50,240,248,0.375,0.218,0.81,0
134.0,22.56,11.918,117.56,110.918,22.642,14.654,50,240,248,0.386,0.227,0.84,0
150.0,22.4,24.06,117.4,123.06,22.4,24.06,50,240,248,0.37,0.215,0.8,0
153.0,27.915,14.131,122.915,113.131,27.915,14.131,50,240,248,0.378,0.22,0.818,0
177.0,25.418,23.65,120.418,122.65,25.418,23.65,50,240,248,0.386,0.228,0.843,0
161.0,21.484,20.379,116.484,119.379,21.699,20.542,50,240,248,0.382,0.226,0.834,0
135.0,25.77,11.593,120.77,110.593,25.77,11.593,50,240,248,0.384,0.219,0.822,0
93.0,21.914,28.043,116.914,127.043,22.34,21.748,50,240,248,0.377,0.216,0.809,0
125.0,23.352,27.096,118.352,126.096,23.33,21.471,50,240,248,0.392,0.235,0.862,0
147.0,28.782,11.544,123.782,110.544,28.782,11.544,50,240,248,0.393,0.227,0.846,0
127.0,29.583,11.543,124.583,110.543,29.55,12.107,50,240,248,0.391,0.225,0.842,0
145.0,26.145,11.766,121.145,110.766,26.145,11.766,50,240,248,0.375,0.215,0.805,0
138.0,25.609,11.993,120.609,110.993,25.609,11.993,50,240,248,0.374,0.211,0.796,0
145.0,28.359,12.221,123.359,111.221,28.359,12.221,50,240,248,0.379,0.216,0.811,0
146.0,27.075,11.986,122.075,110.986,27.075,11.986,50,240,248,0.377,0.215,0.807,0
172.0,28.395,16.11,123.395,115.11,28.395,16.11,50,240,248,0.396,0.235,0.865,0
181.0,25.901,20.785,120.901,119.785,25.901,20.785,50,240,248,0.388,0.232,0.852,0
164.0,26.463,21.506,121.463,120.506,26.463,21.506,50,240,248,0.379,0.225,0.83,0
125.0,34.224,12.08,129.224,111.08,34.206,12.756,50,240,248,0.396,0.231,0.859,0
117.0,32.043,12.453,127.043,111.453,31.992,13.76,50,240,248,0.383,0.222,0.828,0
143.0,30.287,12.406,125.287,111.406,30.287,12.406,50,240,248,0.374,0.217,0.808,0
104.0,37.692,12.875,132.692,111.875,37.822,15.24,50,240,248,0.383,0.221,0.824,0
118.0,38.025,12.034,133.025,111.034,37.898,13.203,50,240,248,0.395,0.233,0.861,0
156.0,27.968,13.013,122.968,112.013,27.968,13.013,50,240,248,0.376,0.22,0.815,0
196.0,19.77,18.898,114.77,117.898,19.77,18.898,50,240,248,0.4,0.241,0.882,0
41.0,22.878,14.244,117.878,113.244,29.393,23.8,50,240,248,0.397,0.233,0.863,0
47.0,21.723,15.106,116.723,114.106,28.935,22.741,50,240,248,0.394,0.23,0.854,0
163.0,33.681,12.356,128.681,111.356,33.681,12.356,50,240,248,0.382,0.226,0.834,0
199.0,22.678,12.864,117.678,111.864,22.678,12.864,50,240,248,0.403,0.245,0.893,0
193.0,26.326,21.684,121.326,120.684,26.326,21.684,50,240,248,0.39,0.239,0.869,0
147.0,37.891,12.633,132.891,111.633,37.891,12.633,50,240,248,0.384,0.23,0.844,0
150.0,29.32,12.187,124.32,111.187,29.32,12.187,50,240,248,0.373,0.215,0.804,0
150.0,34.48,14.007,129.48,113.007,34.497,14.119,50,240,248,0.382,0.222,0.826,0
194.0,29.928,16.794,124.928,115.794,29.928,16.794,50,240,248,0.386,0.233,0.852,0
171.0,27.257,20.234,122.257,119.234,27.257,20.234,50,240,248,0.374,0.222,0.818,0
131.0,24.298,12.038,119.298,111.038,24.298,12.038,50,240,248,0.379,0.219,0.816,0
116.0,25.147,26.379,120.147,125.379,25.907,20.753,50,240,248,0.39,0.232,0.855,0
126.0,30.563,12.762,125.563,111.762,30.445,15.632,50,240,248,0.381,0.224,0.83,0
150.0,25.147,11.9,120.147,110.9,25.147,11.9,50,240,248,0.383,0.223,0.829,0
115.0,22.435,27.183,117.435,126.183,23.126,23.642,50,240,248,0.377,0.217,0.811,0
132.0,23.682,11.848,118.682,110.848,23.682,11.848,50,240,248,0.376,0.217,0.811,0
105.0,25.79,26.914,120.79,125.914,26.811,20.027,50,240,248,0.389,0.233,0.854,0
4.0,23.5,19.5,118.5,118.5,27.852,19.665,50,240,248,0.38,0.223,0.825,0
152.0,27.118,12.276,122.118,111.276,27.118,12.276,50,240,248,0.379,0.224,0.827,0
172.0,30.924,18.023,125.924,117.023,30.924,18.023,50,240,248,0.379,0.227,0.832,0
120.0,26.583,26.117,121.583,125.117,26.831,21.055,50,240,248,0.386,0.229,0.843,0
169.0,28.0,19.237,123.0,118.237,28.0,19.237,50,240,248,0.383,0.229,0.841,0
28.0,27.071,28.179,122.071,127.179,30.182,15.703,50,240,248,0.386,0.229,0.843,0
150.0,27.133,11.9,122.133,110.9,27.133,11.9,50,240,248,0.383,0.224,0.831,0
117.0,28.641,12.872,123.641,111.872,28.322,17.503,50,240,248,0.382,0.226,0.833,0
141.0,29.681,12.433,124.681,111.433,29.681,12.433,50,240,248,0.373,0.215,0.803,0
146.0,29.082,11.863,124.082,110.863,29.082,11.863,50,240,248,0.377,0.218,0.812,0
141.0,25.667,12.241,120.667,111.241,25.667,12.241,50,240,248,0.373,0.213,0.799,0
109.0,31.826,27.385,126.826,126.385,32.238,21.773,50,240,248,0.386,0.23,0.846,0
112.0,29.179,11.598,124.179,110.598,29.468,14.965,50,240,248,0.376,0.214,0.804,0
89.0,29.326,27.966,124.326,126.966,30.291,20.861,50,240,248,0.381,0.221,0.822,0
110.0,30.664,28.291,125.664,127.291,31.087,25.116,50,240,248,0.388,0.228,0.844,0
130.0,27.585,12.231,122.585,111.231,27.585,12.231,50,240,248,0.378,0.218,0.814,0
131.0,24.473,12.137,119.473,111.137,24.473,12.137,50,240,248,0.38,0.219,0.817,0
143.0,28.706,12.413,123.706,111.413,28.706,12.413,50,240,248,0.37,0.214,0.799,0
95.0,31.358,27.747,126.358,126.747,31.681,23.035,50,240,248,0.376,0.219,0.814,0
108.0,31.824,26.87,126.824,125.87,32.453,20.674,50,240,248,0.382,0.226,0.833,0
167.0,30.455,14.916,125.455,113.916,30.455,14.916,50,240,248,0.379,0.224,0.827,0
161.0,29.441,23.435,124.441,122.435,29.441,23.435,50,240,248,0.379,0.223,0.825,0
143.0,34.392,12.406,129.392,111.406,34.392,12.406,50,240,248,0.38,0.221,0.821,0
119.0,29.597,26.866,124.597,125.866,30.381,23.312,50,240,248,0.384,0.23,0.843,0
142.0,30.775,12.028,125.775,111.028,30.806,12.243,50,240,248,0.385,0.225,0.836,0
117.0,31.265,28.077,126.265,127.077,31.608,24.536,50,240,248,0.383,0.226,0.836,0
109.0,31.009,27.862,126.009,126.862,31.781,23.464,50,240,248,0.383,0.226,0.835,0
129.0,24.752,12.465,119.752,111.465,24.752,12.465,50,240,248,0.38,0.217,0.814,0
158.0,23.171,11.728,118.171,110.728,23.171,11.728,50,240,248,0.388,0.23,0.848,0
134.0,23.306,12.455,118.306,111.455,23.306,12.455,50,240,248,0.378,0.219,0.815,0
81.0,28.358,27.185,123.358,126.185,28.585,19.171,50,240,248,0.381,0.22,0.821,0
149.0,24.617,12.624,119.617,111.624,24.617,12.624,50,240,248,0.373,0.216,0.804,0
179.0,26.419,16.251,121.419,115.251,26.419,16.251,50,240,248,0.382,0.229,0.84,0
128.0,20.117,11.789,115.117,110.789,20.117,11.789,50,240,248,0.378,0.217,0.811,0
150.0,21.887,12.58,116.887,111.58,21.887,12.58,50,240,248,0.387,0.23,0.848,0
122.0,23.0,12.762,118.0,111.762,23.528,16.319,50,240,248,0.382,0.223,0.828,0
144.0,19.201,11.639,114.201,110.639,19.201,11.639,50,240,248,0.382,0.222,0.826,0
144.0,22.382,12.604,117.382,111.604,22.382,12.604,50,240,248,0.37,0.214,0.798,0
137.0,22.65,13.38,117.65,112.38,22.64,13.54,50,240,248,0.374,0.216,0.807,0
136.0,20.566,11.61,115.566,110.61,20.566,11.61,50,240,248,0.368,0.211,0.789,0
173.0,22.341,11.462,117.341,110.462,22.341,11.462,50,240,248,0.384,0.225,0.833,0
133.0,21.18,13.09,116.18,112.09,21.18,13.09,50,240,248,0.38,0.221,0.822,0
147.0,27.898,11.755,122.898,110.755,27.898,11.755,50,240,248,0.385,0.223,0.832,0
121.0,19.463,11.529,114.463,110.529,19.463,11.529,50,240,248,0.377,0.214,0.806,0
138.0,24.783,12.652,119.783,111.652,24.783,12.652,50,240,248,0.377,0.217,0.811,0
188.0,28.037,20.372,123.037,119.372,28.037,20.372,50,240,248,0.386,0.234,0.854,0
177.0,26.621,17.068,121.621,116.068,26.621,17.068,50,240,248,0.38,0.226,0.833,0
185.0,27.281,17.735,122.281,116.735,27.281,17.735,50,240,248,0.378,0.22,0.818,0
133.0,24.143,12.436,119.143,111.436,24.143,12.436,50,240,248,0.376,0.214,0.804,0
132.0,21.97,12.288,116.97,111.288,21.97,12.288,50,240,248,0.368,0.209,0.787,0
129.0,22.457,10.512,117.457,109.512,22.51,12.517,50,240,248,0.384,0.223,0.831,0
152.0,22.48,11.118,117.48,110.118,22.48,11.118,50,240,248,0.386,0.223,0.832,0
139.0,20.583,12.518,115.583,111.518,20.583,12.518,50,240,248,0.375,0.215,0.805,0
140.0,21.043,12.243,116.043,111.243,21.043,12.243,50,240,248,0.367,0.21,0.787,0
145.0,19.531,11.497,114.531,110.497,19.531,11.497,50,240,248,0.381,0.218,0.817,0
141.0,14.993,10.355,109.993,109.355,14.993,10.355,50,240,248,0.377,0.216,0.808,0
149.0,17.718,11.148,112.718,110.148,17.718,11.148,50,240,248,0.379,0.22,0.818,0
146.0,19.055,11.144,114.055,110.144,19.055,11.144,50,240,248,0.378,0.218,0.814,0
150.0,19.393,11.44,114.393,110.44,19.393,11.44,50,240,248,0.381,0.22,0.821,0
133.0,17.774,10.361,112.774,109.361,17.774,10.361,50,240,248,0.375,0.214,0.802,0
139.0,20.0,10.712,115.0,109.712,20.0,10.712,50,240,248,0.372,0.213,0.797,0
185.0,20.184,15.486,115.184,114.486,20.184,15.486,50,240,248,0.392,0.235,0.862,0
105.0,22.162,26.362,117.162,125.362,23.0,19.856,50,240,248,0.382,0.224,0.829,0
165.0,18.552,12.133,113.552,111.133,18.552,12.133,50,240,248,0.385,0.225,0.834,0
102.0,20.0,27.186,115.0,126.186,20.597,19.78,50,240,248,0.392,0.233,0.858,0
156.0,20.372,18.654,115.372,117.654,20.372,18.654,50,240,248,0.389,0.227,0.843,0
103.0,20.194,26.398,115.194,125.398,20.742,20.767,50,240,248,0.381,0.219,0.82,0
177.0,21.921,17.294,116.921,116.294,21.921,17.294,50,240,248,0.393,0.233,0.859,0
94.0,28.968,28.436,123.968,127.436,29.993,23.858,50,240,248,0.4,0.234,0.868,0
96.0,18.646,26.844,113.646,125.844,19.28,19.435,50,240,248,0.386,0.228,0.842,0
84.0,17.69,26.952,112.69,125.952,18.457,18.741,50,240,248,0.379,0.219,0.818,0
110.0,23.373,27.036,118.373,126.036,24.007,24.065,50,240,248,0.399,0.235,0.869,0
102.0,18.716,26.912,113.716,125.912,18.776,20.629,50,240,248,0.384,0.226,0.835,0
162.0,25.889,22.648,120.889,121.648,25.889,22.648,50,240,248,0.398,0.235,0.867,0
74.0,22.554,27.77,117.554,126.77,22.864,18.397,50,240,248,0.392,0.233,0.858,0
156.0,38.135,24.378,133.135,123.378,38.135,24.378,50,240,248,0.393,0.232,0.857,0
141.0,33.191,24.759,128.191,123.759,33.191,24.759,50,240,248,0.393,0.23,0.853,0
131.0,17.71,10.809,112.71,109.809,17.676,12.077,50,240,248,0.385,0.223,0.83,0
169.0,33.456,17.704,128.456,116.704,33.456,17.704,50,240,248,0.402,0.243,0.887,0
31.0,36.484,12.258,131.484,111.258,37.385,24.297,50,240,248,0.398,0.233,0.864,0
144.0,28.215,11.528,123.215,110.528,28.215,11.528,50,240,248,0.388,0.223,0.833,0
130.0,26.469,12.354,121.469,111.354,26.469,12.354,50,240,248,0.375,0.212,0.799,0
115.0,19.861,12.078,114.861,111.078,21.575,12.463,50,240,248,0.393,0.228,0.849,0
149.0,31.718,15.161,126.718,114.161,31.718,15.161,50,240,248,0.385,0.225,0.836,0
98.0,22.969,11.714,117.969,110.714,25.986,12.816,50,240,248,0.395,0.231,0.856,0
151.0,25.212,12.437,120.212,111.437,25.178,12.493,50,240,248,0.375,0.218,0.811,0
162.0,28.87,16.66,123.87,115.66,28.87,16.66,50,240,248,0.383,0.221,0.826,0
152.0,28.316,14.25,123.316,113.25,28.316,14.25,50,240,248,0.38,0.22,0.819,0
161.0,24.348,13.043,119.348,112.043,24.348,13.043,50,240,248,0.393,0.232,0.857,0
133.0,33.812,12.195,128.812,111.195,33.774,14.516,50,240,248,0.382,0.224,0.83,0
156.0,25.692,12.821,120.692,111.821,25.707,12.892,50,240,248,0.397,0.236,0.87,0
122.0,32.484,12.443,127.484,111.443,32.653,15.02,50,240,248,0.382,0.22,0.821,0
155.0,28.245,13.213,123.245,112.213,28.245,13.213,50,240,248,0.396,0.233,0.863,0
163.0,25.773,12.933,120.773,111.933,25.773,12.933,50,240,248,0.39,0.227,0.844,0
153.0,29.523,12.229,124.523,111.229,29.523,12.229,50,240,248,0.393,0.23,0.852,0
142.0,32.254,12.613,127.254,111.613,32.211,13.122,50,240,248,0.395,0.233,0.861,0
109.0,20.303,11.679,115.303,110.679,22.346,12.269,50,240,248,0.392,0.228,0.848,0
121.0,17.893,11.694,112.893,110.694,17.894,11.935,50,240,248,0.382,0.222,0.825,0
158.0,23.525,12.171,118.525,111.171,23.525,12.171,50,240,248,0.381,0.223,0.828,0
148.0,23.446,13.405,118.446,112.405,23.446,13.405,50,240,248,0.375,0.218,0.811,0
136.0,24.221,12.669,119.221,111.669,23.65,16.232,50,240,248,0.386,0.229,0.845,0
155.0,25.084,12.271,120.084,111.271,25.084,12.271,50,240,248,0.377,0.219,0.815,0
17.0,21.059,28.118,116.059,127.118,24.38,14.734,50,240,248,0.383,0.226,0.835,0
162.0,24.722,14.846,119.722,113.846,24.722,14.846,50,240,248,0.374,0.217,0.808,0
122.0,29.369,11.426,124.369,110.426,29.369,11.426,50,240,248,0.375,0.215,0.804,0
170.0,24.053,12.735,119.053,111.735,24.053,12.735,50,240,248,0.381,0.223,0.828,0
25.0,24.36,12.76,119.36,111.76,25.633,24.233,50,240,248,0.399,0.237,0.872,0
144.0,25.514,25.764,120.514,124.764,25.514,25.764,50,240,248,0.375,0.218,0.811,0
118.0,25.805,10.831,120.805,109.831,25.875,13.147,50,240,248,0.391,0.23,0.851,0
115.0,30.365,12.47,125.365,111.47,30.298,13.165,50,240,248,0.388,0.23,0.847,0
105.0,26.543,10.476,121.543,109.476,26.579,12.843,50,240,248,0.395,0.227,0.85,0
155.0,26.465,12.206,121.465,111.206,26.465,12.206,50,240,248,0.391,0.229,0.849,0
138.0,26.514,25.804,121.514,124.804,26.514,25.804,50,240,248,0.37,0.216,0.803,0
130.0,26.823,11.546,121.823,110.546,26.823,11.546,50,240,248,0.38,0.217,0.814,0
111.0,24.937,26.333,119.937,125.333,25.91,23.424,50,240,248,0.383,0.225,0.833,0
122.0,22.32,11.148,117.32,110.148,22.457,11.803,50,240,248,0.396,0.228,0.852,0
152.0,29.046,12.947,124.046,111.947,29.046,12.947,50,240,248,0.393,0.233,0.86,0
178.0,29.86,15.421,124.86,114.421,29.86,15.421,50,240,248,0.384,0.23,0.843,0
124.0,21.613,26.96,116.613,125.96,21.559,21.559,50,240,248,0.388,0.232,0.851,0
104.0,22.365,27.462,117.365,126.462,22.568,19.995,50,240,248,0.394,0.238,0.87,0
160.0,25.425,26.1,120.425,125.1,25.425,26.1,50,240,248,0.39,0.234,0.859,0
185.0,30.059,19.157,125.059,118.157,30.059,19.157,50,240,248,0.385,0.231,0.846,0
179.0,23.844,23.24,118.844,122.24,23.844,23.24,50,240,248,0.376,0.225,0.825,0
163.0,22.656,20.374,117.656,119.374,22.656,20.374,50,240,248,0.386,0.228,0.842,0
155.0,21.626,23.729,116.626,122.729,21.626,23.729,50,240,248,0.388,0.228,0.843,0
91.0,23.198,27.714,118.198,126.714,24.417,21.944,50,240,248,0.383,0.221,0.824,0
119.0,28.143,12.445,123.143,111.445,28.252,15.735,50,240,248,0.377,0.219,0.815,0
139.0,21.835,26.288,116.835,125.288,21.728,24.652,50,240,248,0.383,0.228,0.839,0
128.0,30.547,12.422,125.547,111.422,30.545,13.075,50,240,248,0.382,0.224,0.829,0
134.0,29.657,12.985,124.657,111.985,29.308,14.936,50,240,248,0.392,0.23,0.852,0
113.0,29.221,12.673,124.221,111.673,29.275,16.369,50,240,248,0.38,0.219,0.819,0
115.0,30.348,11.957,125.348,110.957,30.599,14.511,50,240,248,0.381,0.219,0.819,0
112.0,31.179,11.83,126.179,110.83,31.173,14.301,50,240,248,0.385,0.222,0.829,0
167.0,31.988,13.832,126.988,112.832,31.988,13.832,50,240,248,0.379,0.223,0.825,0
123.0,37.431,12.073,132.431,111.073,37.103,16.731,50,240,248,0.38,0.227,0.834,0
8.0,22.0,12.875,117.0,111.875,28.953,16.853,50,240,248,0.387,0.227,0.841,0
159.0,30.597,12.371,125.597,111.371,30.597,12.371,50,240,248,0.376,0.22,0.816,0
125.0,30.208,11.896,125.208,110.896,30.363,15.191,50,240,248,0.379,0.222,0.823,0
152.0,37.855,13.507,132.855,112.507,37.855,13.507,50,240,248,0.372,0.22,0.811,0
147.0,30.932,12.66,125.932,111.66,30.932,12.66,50,240,248,0.374,0.217,0.808,0
117.0,29.581,12.171,124.581,111.171,29.792,16.151,50,240,248,0.382,0.223,0.827,0
126.0,36.968,12.437,131.968,111.437,36.687,15.951,50,240,248,0.377,0.224,0.824,0
168.0,31.756,14.405,126.756,113.405,31.756,14.405,50,240,248,0.378,0.223,0.825,0
142.0,31.042,12.317,126.042,111.317,31.042,12.317,50,240,248,0.373,0.217,0.808,0
138.0,29.493,12.993,124.493,111.993,29.541,13.815,50,240,248,0.386,0.226,0.838,0
118.0,37.093,11.915,132.093,110.915,36.741,15.873,50,240,248,0.375,0.22,0.815,0
134.0,25.657,11.701,120.657,110.701,25.657,11.701,50,240,248,0.379,0.218,0.815,0
166.0,27.94,15.663,122.94,114.663,27.94,15.663,50,240,248,0.391,0.233,0.857,0
128.0,22.234,11.984,117.234,110.984,22.304,13.196,50,240,248,0.389,0.226,0.841,0
118.0,32.864,12.669,127.864,111.669,32.767,15.873,50,240,248,0.376,0.22,0.815,0
151.0,30.675,12.907,125.675,111.907,30.675,12.907,50,240,248,0.376,0.22,0.816,0
116.0,24.853,11.483,119.853,110.483,25.031,15.706,50,240,248,0.394,0.235,0.863,0
132.0,29.47,12.106,124.47,111.106,29.47,12.106,50,240,248,0.371,0.214,0.799,0
135.0,32.585,12.133,127.585,111.133,33.307,14.859,50,240,248,0.382,0.227,0.836,0
142.0,34.423,12.324,129.423,111.324,34.423,12.324,50,240,248,0.377,0.222,0.82,0
133.0,29.135,12.068,124.135,111.068,29.135,12.068,50,240,248,0.377,0.217,0.812,0
162.0,27.784,14.0,122.784,113.0,27.784,14.0,50,240,248,0.377,0.22,0.816,0
163.0,29.337,14.031,124.337,113.031,29.337,14.031,50,240,248,0.378,0.221,0.82,0
159.0,29.176,14.044,124.176,113.044,29.176,14.044,50,240,248,0.383,0.226,0.834,0
134.0,25.843,12.201,120.843,111.201,25.872,12.872,50,240,248,0.392,0.231,0.854,0
154.0,28.292,13.019,123.292,112.019,28.292,13.019,50,240,248,0.371,0.215,0.8,0
191.0,29.675,18.712,124.675,117.712,29.675,18.712,50,240,248,0.385,0.232,0.849,0
155.0,25.523,24.374,120.523,123.374,25.523,24.374,50,240,248,0.374,0.219,0.811,0
114.0,31.509,26.763,126.509,125.763,31.842,23.726,50,240,248,0.381,0.225,0.832,0
150.0,25.253,25.813,120.253,124.813,25.253,25.813,50,240,248,0.365,0.211,0.787,0
138.0,27.457,25.486,122.457,124.486,27.457,25.486,50,240,248,0.37,0.213,0.797,0
128.0,29.461,26.164,124.461,125.164,29.604,23.922,50,240,248,0.375,0.221,0.817,0
131.0,31.954,26.573,126.954,125.573,31.954,26.573,50,240,248,0.367,0.213,0.794,0
153.0,35.288,12.209,130.288,111.209,35.288,12.209,50,240,248,0.372,0.219,0.811,0
159.0,26.604,24.648,121.604,123.648,26.604,24.648,50,240,248,0.372,0.218,0.809,0
165.0,23.412,25.133,118.412,124.133,23.412,25.133,50,240,248,0.376,0.221,0.819,0
141.0,32.05,26.092,127.05,125.092,32.05,26.092,50,240,248,0.362,0.211,0.784,0
142.0,31.162,26.324,126.162,125.324,31.162,26.324,50,240,248,0.366,0.213,0.791,0
147.0,25.939,25.925,120.939,124.925,25.939,25.925,50,240,248,0.362,0.21,0.782,0
129.0,21.806,26.124,116.806,125.124,21.806,26.124,50,240,248,0.356,0.203,0.762,0
130.0,21.546,26.062,116.546,125.062,21.546,26.062,50,240,248,0.357,0.203,0.764,0
144.0,28.715,25.903,123.715,124.903,28.715,25.903,50,240,248,0.364,0.213,0.79,0
158.0,25.114,25.759,120.114,124.759,25.114,25.759,50,240,248,0.369,0.216,0.8,0
142.0,32.676,26.535,127.676,125.535,32.676,26.535,50,240,248,0.364,0.212,0.787,0
137.0,34.058,26.109,129.058,125.109,34.058,26.109,50,240,248,0.359,0.211,0.78,0
141.0,28.645,25.957,123.645,124.957,28.645,25.957,50,240,248,0.361,0.208,0.777,0
133.0,22.586,26.195,117.586,125.195,22.586,26.195,50,240,248,0.36,0.206,0.772,0
142.0,29.662,25.873,124.662,124.873,29.662,25.873,50,240,248,0.365,0.213,0.792,0
132.0,29.227,25.992,124.227,124.992,29.227,25.992,50,240,248,0.359,0.205,0.768,0
137.0,30.905,26.372,125.905,125.372,30.905,26.372,50,240,248,0.361,0.21,0.782,0
142.0,34.31,26.155,129.31,125.155,34.31,26.155,50,240,248,0.366,0.213,0.791,0
128.0,31.32,26.367,126.32,125.367,31.32,26.367,50,240,248,0.363,0.208,0.779,0
153.0,26.961,25.804,121.961,124.804,26.961,25.804,50,240,248,0.369,0.217,0.803,0
163.0,32.067,24.294,127.067,123.294,32.067,24.294,50,240,248,0.371,0.222,0.815,0
173.0,28.607,23.358,123.607,122.358,28.607,23.358,50,240,248,0.376,0.227,0.83,0
185.0,33.476,21.459,128.476,120.459,33.476,21.459,50,240,248,0.375,0.225,0.825,0
145.0,33.559,26.055,128.559,125.055,33.559,26.055,50,240,248,0.361,0.212,0.786,0
139.0,28.906,26.05,123.906,125.05,28.906,26.05,50,240,248,0.362,0.21,0.782,0
132.0,33.864,26.356,128.864,125.356,33.864,26.356,50,240,248,0.358,0.207,0.773,0
131.0,30.924,26.313,125.924,125.313,30.924,26.313,50,240,248,0.357,0.205,0.768,0
114.0,36.798,12.219,131.798,111.219,36.402,17.079,50,240,248,0.383,0.228,0.84,0
117.0,19.53,10.658,114.53,109.658,19.53,10.658,50,240,248,0.392,0.227,0.845,0
108.0,22.926,11.546,117.926,110.546,23.486,17.691,50,240,248,0.398,0.238,0.873,0
136.0,17.456,25.051,112.456,124.051,17.456,25.051,50,240,248,0.373,0.217,0.807,0
143.0,21.958,11.622,116.958,110.622,21.958,11.622,50,240,248,0.384,0.223,0.829,0
98.0,17.898,11.122,112.898,110.122,17.567,16.453,50,240,248,0.394,0.232,0.858,0
144.0,21.889,11.694,116.889,110.694,21.889,11.694,50,240,248,0.396,0.233,0.862,0
162.0,18.099,25.586,113.099,124.586,18.099,25.586,50,240,248,0.382,0.228,0.838,0
99.0,23.667,11.465,118.667,110.465,24.172,18.32,50,240,248,0.39,0.23,0.85,0
106.0,29.038,11.321,124.038,110.321,28.654,17.136,50,240,248,0.395,0.235,0.864,0
89.0,28.607,11.315,123.607,110.315,29.212,18.947,50,240,248,0.389,0.229,0.848,0
98.0,17.102,10.643,112.102,109.643,17.165,13.967,50,240,248,0.392,0.229,0.851,0
163.0,22.11,25.736,117.11,124.736,22.11,25.736,50,240,248,0.37,0.219,0.808,0
162.0,25.29,25.741,120.29,124.741,25.29,25.741,50,240,248,0.372,0.223,0.818,0
112.0,23.723,26.241,118.723,125.241,26.154,26.176,50,240,248,0.369,0.213,0.795,0
151.0,30.662,23.689,125.662,122.689,30.699,23.536,50,240,248,0.381,0.226,0.834,0
148.0,28.5,25.554,123.5,124.554,28.5,25.554,50,240,248,0.373,0.22,0.813,0
114.0,28.219,26.737,123.219,125.737,30.014,24.462,50,240,248,0.382,0.227,0.836,0
165.0,29.636,23.067,124.636,122.067,29.636,23.067,50,240,248,0.377,0.223,0.823,0
172.0,30.448,23.523,125.448,122.523,30.448,23.523,50,240,248,0.385,0.232,0.848,0
133.0,30.752,27.211,125.752,126.211,31.297,25.133,50,240,248,0.386,0.23,0.845,0
159.0,37.208,20.421,132.208,119.421,37.208,20.421,50,240,248,0.372,0.221,0.815,0
166.0,26.645,25.608,121.645,124.608,26.645,25.608,50,240,248,0.375,0.223,0.822,0
169.0,25.568,26.284,120.568,125.284,25.568,26.284,50,240,248,0.377,0.227,0.832,0
161.0,37.224,21.354,132.224,120.354,37.224,21.354,50,240,248,0.371,0.223,0.817,0
145.0,29.607,25.745,124.607,124.745,29.607,25.745,50,240,248,0.371,0.219,0.808,0
119.0,25.076,25.924,120.076,124.924,26.831,25.697,50,240,248,0.375,0.221,0.817,0
166.0,24.795,25.404,119.795,124.404,24.795,25.404,50,240,248,0.374,0.223,0.821,0
154.0,34.253,23.857,129.253,122.857,34.253,23.857,50,240,248,0.38,0.224,0.828,0
138.0,27.319,26.42,122.319,125.42,27.345,26.345,50,240,248,0.379,0.222,0.822,0
121.0,33.917,27.19,128.917,126.19,35.053,24.613,50,240,248,0.387,0.232,0.851,0
124.0,24.323,26.363,119.323,125.363,26.988,26.19,50,240,248,0.377,0.224,0.824,0
162.0,36.426,22.358,131.426,121.358,36.426,22.358,50,240,248,0.369,0.218,0.805,0
162.0,24.87,25.481,119.87,124.481,24.87,25.481,50,240,248,0.377,0.225,0.827,0
188.0,28.979,22.122,123.979,121.122,28.979,22.122,50,240,248,0.385,0.233,0.851,0
159.0,24.843,25.258,119.843,124.258,24.843,25.258,50,240,248,0.375,0.224,0.823,0
186.0,30.414,21.742,125.414,120.742,30.414,21.742,50,240,248,0.39,0.234,0.857,0
115.0,36.374,26.017,131.374,125.017,36.911,22.228,50,240,248,0.375,0.224,0.822,0
111.0,23.775,26.126,118.775,125.126,25.437,26.127,50,240,248,0.368,0.211,0.791,0
115.0,24.017,25.983,119.017,124.983,25.813,25.985,50,240,248,0.377,0.219,0.815,0
4449.0,75.631,56.412,137.631,118.412,75.631,56.412,100,224,224,0.496,0.39,0.496,2
4737.0,74.233,55.911,136.233,117.911,74.233,55.911,100,224,224,0.531,0.384,0.531,2
4580.0,74.993,56.38,136.993,118.38,74.993,56.38,100,224,224,0.513,0.388,0.513,2
5959.0,41.999,46.41,103.999,108.41,47.394,48.503,100,224,224,0.918,0.088,0.918,2
5950.0,41.358,47.39,103.358,109.39,47.586,49.29,100,224,224,0.919,0.088,0.919,2
5954.0,41.199,47.716,103.199,109.716,47.484,49.395,100,224,224,0.919,0.088,0.919,2
5452.0,51.437,56.847,113.437,118.847,51.682,56.791,100,224,224,0.681,0.293,0.681,2
558.0,10.663,12.86,72.663,74.86,69.278,39.25,100,224,224,0.288,0.21,0.288,2
474.0,10.0,12.061,72.0,74.061,70.672,41.057,100,224,224,0.287,0.219,0.287,2
46.0,3.696,65.478,65.696,127.478,61.535,48.127,100,224,224,0.831,0.169,0.831,2
397.0,10.673,9.348,72.673,71.348,64.869,59.137,100,224,224,0.471,0.295,0.471,2
6238.0,50.421,31.204,112.421,93.204,50.421,31.204,100,224,224,0.82,0.2,0.82,2
172.0,8.326,92.942,70.326,154.942,61.04,68.791,100,224,224,0.47,0.385,0.47,2
5414.0,50.608,27.037,112.608,89.037,50.58,27.076,100,224,224,0.746,0.23,0.746,2
5472.0,54.85,40.173,116.85,102.173,54.85,40.173,100,224,224,0.715,0.259,0.715,2
5613.0,50.552,28.03,112.552,90.03,50.552,28.03,100,224,224,0.762,0.226,0.762,2
267.0,9.895,5.3,71.895,67.3,57.304,65.347,100,224,224,0.337,0.339,0.337,2
111.0,6.0,72.477,68.0,134.477,61.088,52.466,100,224,224,0.511,0.376,0.511,2
5754.0,54.841,53.249,116.841,115.249,54.841,53.249,100,224,224,0.64,0.361,0.64,2
5305.0,53.127,71.101,115.127,133.101,53.127,71.101,100,224,224,0.567,0.401,0.567,2
5545.0,52.656,27.935,114.656,89.935,52.656,27.935,100,224,224,0.73,0.243,0.73,2
5749.0,54.858,50.839,116.858,112.839,54.858,50.839,100,224,224,0.642,0.359,0.642,2
2448.0,51.229,86.895,113.229,148.895,51.229,86.895,100,224,224,0.258,0.309,0.258,2
5867.0,52.632,29.616,114.632,91.616,52.632,29.616,100,224,224,0.759,0.233,0.759,2
5629.0,52.607,28.357,114.607,90.357,52.607,28.357,100,224,224,0.736,0.241,0.736,2
6454.0,51.384,32.978,113.384,94.978,51.1,32.976,100,224,224,0.831,0.195,0.831,2
6480.0,52.243,33.426,114.243,95.426,51.587,33.621,100,224,224,0.842,0.187,0.842,2
6290.0,51.187,32.076,113.187,94.076,50.743,32.066,100,224,224,0.816,0.204,0.816,2
2510.0,58.308,85.29,120.308,147.29,58.531,84.836,100,224,224,0.265,0.322,0.265,2
3443.0,35.422,75.816,97.422,137.816,36.859,69.81,100,224,224,0.452,0.152,0.452,2
3308.0,33.574,76.423,95.574,138.423,35.652,66.954,100,224,224,0.44,0.135,0.44,2
3402.0,34.461,76.011,96.461,138.011,36.221,68.292,100,224,224,0.446,0.144,0.446,2
904.0,22.413,10.931,84.413,72.931,34.431,60.185,100,224,224,0.422,0.112,0.422,2
3433.0,44.87,72.798,106.87,134.798,43.933,72.594,100,224,224,0.501,0.193,0.501,2
1034.0,22.45,12.292,84.45,74.292,34.176,58.085,100,224,224,0.42,0.112,0.42,2
3056.0,46.101,23.69,108.101,85.69,46.874,23.495,100,224,224,0.375,0.219,0.375,2
3299.0,42.797,70.038,104.797,132.038,43.681,70.589,100,224,224,0.465,0.214,0.465,2
3629.0,42.576,67.784,104.576,129.784,43.442,67.834,100,224,224,0.494,0.215,0.494,2
3153.0,30.709,76.324,92.709,138.324,33.671,66.433,100,224,224,0.376,0.137,0.376,2
3255.0,49.949,25.874,111.949,87.874,50.356,25.861,100,224,224,0.442,0.23,0.442,2
3481.0,51.212,45.971,113.212,107.971,51.141,45.957,100,224,224,0.472,0.217,0.472,2
171.0,5.041,25.789,67.041,87.789,43.019,67.935,100,224,224,0.563,0.19,0.563,2
3496.0,51.007,32.397,113.007,94.397,50.89,32.342,100,224,224,0.462,0.224,0.462,2
3417.0,51.037,30.193,113.037,92.193,50.909,30.106,100,224,224,0.457,0.226,0.457,2
3261.0,50.213,26.353,112.213,88.353,50.538,26.345,100,224,224,0.446,0.23,0.446,2
3500.0,38.026,71.33,100.026,133.33,38.47,71.072,100,224,224,0.48,0.173,0.48,2
275.0,10.862,28.305,72.862,90.305,43.186,68.823,100,224,224,0.559,0.191,0.559,2
4177.0,27.236,62.247,89.236,124.247,27.62,62.264,100,224,224,0.481,0.173,0.481,2
4338.0,26.83,58.806,88.83,120.806,27.13,58.809,100,224,224,0.49,0.172,0.49,2
3235.0,24.113,69.153,86.113,131.153,28.864,66.319,100,224,224,0.416,0.156,0.416,2
3615.0,26.369,68.295,88.369,130.295,29.381,67.826,100,224,224,0.447,0.175,0.447,2
3352.0,18.538,49.367,80.538,111.367,29.504,48.17,100,224,224,0.387,0.122,0.387,2
3708.0,26.73,67.836,88.73,129.836,29.07,67.394,100,224,224,0.453,0.175,0.453,2
3492.0,20.166,56.429,82.166,118.429,27.079,55.776,100,224,224,0.389,0.12,0.389,2
3809.0,31.992,25.975,93.992,87.975,31.992,25.975,100,224,224,0.336,0.227,0.336,2
4332.0,39.023,42.17,101.023,104.17,38.681,43.205,100,224,224,0.562,0.23,0.562,2
3664.0,42.555,20.182,104.555,82.182,38.629,27.342,100,224,224,0.469,0.271,0.469,2
3709.0,42.117,20.94,104.117,82.94,38.704,27.628,100,224,224,0.479,0.27,0.479,2
3765.0,24.539,38.564,86.539,100.564,28.966,37.314,100,224,224,0.242,0.128,0.242,2
3669.0,29.672,26.917,91.672,88.917,30.76,28.598,100,224,224,0.298,0.191,0.298,2
3592.0,42.301,19.538,104.301,81.538,38.407,26.829,100,224,224,0.459,0.272,0.459,2
4021.0,37.619,74.438,99.619,136.438,37.598,74.351,100,224,224,0.491,0.242,0.491,2
4308.0,38.798,65.809,100.798,127.809,38.798,65.809,100,224,224,0.558,0.232,0.558,2
3737.0,31.535,25.842,93.535,87.842,31.535,25.842,100,224,224,0.326,0.219,0.326,2
3260.0,19.137,58.314,81.137,120.314,26.774,57.182,100,224,224,0.381,0.131,0.381,2
3315.0,18.83,56.484,80.83,118.484,27.407,55.617,100,224,224,0.376,0.124,0.376,2
3028.0,16.175,48.612,78.175,110.612,30.38,47.239,100,224,224,0.374,0.121,0.374,2
3359.0,22.294,65.67,84.294,127.67,26.499,64.411,100,224,224,0.408,0.16,0.408,2
3184.0,16.998,51.874,78.998,113.874,27.875,51.17,100,224,224,0.368,0.109,0.368,2
1224.0,12.399,24.213,74.399,86.213,40.208,55.018,100,224,224,0.44,0.158,0.44,2
390.0,9.387,57.238,71.387,119.238,64.978,31.944,100,224,224,0.327,0.185,0.327,2
1038.0,12.649,19.32,74.649,81.32,39.493,51.753,100,224,224,0.446,0.158,0.446,2
1186.0,12.492,22.896,74.492,84.896,40.013,54.218,100,224,224,0.442,0.158,0.442,2
2287.0,12.752,52.301,74.752,114.301,39.268,62.071,100,224,224,0.403,0.145,0.403,2
85.0,2.788,7.588,64.788,69.588,62.381,51.475,100,224,224,0.326,0.183,0.326,2
391.0,9.442,62.964,71.442,124.964,65.079,36.357,100,224,224,0.327,0.184,0.327,2
513.0,9.292,46.343,71.292,108.343,61.82,27.82,100,224,224,0.314,0.165,0.314,2
3437.0,27.269,29.55,89.269,91.55,29.008,30.277,100,224,224,0.286,0.24,0.286,2
3198.0,30.872,46.327,92.872,108.327,30.185,49.803,100,224,224,0.372,0.237,0.372,2
3656.0,28.986,63.156,90.986,125.156,29.118,63.187,100,224,224,0.342,0.254,0.342,2
3562.0,29.455,59.016,91.455,121.016,29.601,59.044,100,224,224,0.369,0.242,0.369,2
2863.0,34.488,21.007,96.488,83.007,30.565,32.593,100,224,224,0.342,0.247,0.342,2
3269.0,30.607,50.521,92.607,112.521,30.432,51.272,100,224,224,0.371,0.237,0.371,2
3368.0,17.817,47.211,79.817,109.211,28.715,45.716,100,224,224,0.194,0.126,0.194,2
3562.0,20.234,41.789,82.234,103.789,28.247,41.396,100,224,224,0.204,0.137,0.204,2
3387.0,26.647,29.497,88.647,91.497,28.945,30.744,100,224,224,0.279,0.236,0.279,2
3021.0,32.103,32.074,94.103,94.074,29.424,42.179,100,224,224,0.367,0.24,0.367,2
3330.0,19.404,52.953,81.404,114.953,34.123,56.653,100,224,224,0.281,0.182,0.281,2
3302.0,19.469,54.235,81.469,116.235,34.312,58.565,100,224,224,0.282,0.186,0.282,2
3357.0,19.364,52.185,81.364,114.185,33.94,55.643,100,224,224,0.278,0.178,0.278,2
3709.0,26.138,34.4,88.138,96.4,29.452,35.401,100,224,224,0.307,0.222,0.307,2
3659.0,27.317,31.397,89.317,93.397,30.104,32.913,100,224,224,0.319,0.235,0.319,2
3484.0,32.256,50.261,94.256,112.261,31.442,52.872,100,224,224,0.41,0.243,0.41,2
3334.0,19.347,52.765,81.347,114.765,34.126,56.373,100,224,224,0.28,0.181,0.28,2
2522.0,38.452,15.982,100.452,77.982,32.21,30.256,100,224,224,0.348,0.259,0.348,2
3326.0,19.373,53.081,81.373,115.081,34.268,56.855,100,224,224,0.281,0.182,0.281,2
3656.0,20.655,47.194,82.655,109.194,31.859,51.003,100,224,224,0.268,0.161,0.268,2
3685.0,34.868,73.48,96.868,135.48,33.958,64.527,100,224,224,0.263,0.146,0.263,2
3508.0,41.664,69.948,103.664,131.948,41.316,70.009,100,224,224,0.377,0.248,0.377,2
3606.0,32.668,73.137,94.668,135.137,35.419,70.593,100,224,224,0.299,0.194,0.299,2
3487.0,36.121,30.052,98.121,92.052,37.301,29.688,100,224,224,0.393,0.254,0.393,2
3427.0,34.515,28.604,96.515,90.604,35.52,28.986,100,224,224,0.376,0.24,0.376,2
3645.0,38.088,32.596,100.088,94.596,39.051,32.329,100,224,224,0.406,0.259,0.406,2
3648.0,40.328,68.23,102.328,130.23,40.992,68.319,100,224,224,0.408,0.25,0.408,2
3729.0,37.535,66.919,99.535,128.919,38.412,66.909,100,224,224,0.386,0.239,0.386,2
3686.0,38.685,69.209,100.685,131.209,38.739,69.2,100,224,224,0.371,0.243,0.371,2
3730.0,36.953,39.975,98.953,101.975,37.809,39.729,100,224,224,0.407,0.235,0.407,2
3708.0,20.724,52.673,82.724,114.673,29.347,51.584,100,224,224,0.253,0.163,0.253,2
3258.0,36.702,73.11,98.702,135.11,35.933,69.318,100,224,224,0.322,0.232,0.322,2
341.0,13.686,6.666,75.686,68.666,36.469,45.557,100,224,224,0.41,0.231,0.41,2
213.0,7.789,7.455,69.789,69.455,32.315,66.049,100,224,224,0.305,0.217,0.305,2
3770.0,37.414,66.333,99.414,128.333,38.285,66.311,100,224,224,0.388,0.238,0.388,2
229.0,14.476,3.825,76.476,65.825,37.127,42.499,100,224,224,0.409,0.233,0.409,2
3504.0,48.618,30.313,110.618,92.313,49.111,30.277,100,224,224,0.455,0.225,0.455,2
3513.0,44.873,80.246,106.873,142.246,43.6,77.529,100,224,224,0.284,0.2,0.284,2
3492.0,48.746,54.462,110.746,116.462,49.216,54.448,100,224,224,0.457,0.22,0.457,2
3446.0,48.874,48.387,110.874,110.387,49.319,48.386,100,224,224,0.461,0.216,0.461,2
3225.0,43.565,81.989,105.565,143.989,39.282,63.846,100,224,224,0.213,0.11,0.213,2
1322.0,15.609,19.996,77.609,81.996,30.622,53.559,100,224,224,0.425,0.137,0.425,2
1327.0,15.529,20.262,77.529,82.262,30.627,53.653,100,224,224,0.425,0.137,0.425,2
3974.0,22.936,54.625,84.936,116.625,28.935,53.964,100,224,224,0.369,0.103,0.369,2
1475.0,15.799,25.023,77.799,87.023,31.588,56.214,100,224,224,0.42,0.136,0.42,2
3982.0,23.906,55.075,85.906,117.075,29.457,54.462,100,224,224,0.372,0.109,0.372,2
3863.0,21.113,53.1,83.113,115.1,28.683,52.625,100,224,224,0.369,0.103,0.369,2
1116.0,15.513,16.643,77.513,78.643,30.424,52.305,100,224,224,0.428,0.138,0.428,2
1052.0,15.51,15.407,77.51,77.407,29.677,52.823,100,224,224,0.412,0.136,0.412,2
3904.0,30.613,58.695,92.613,120.695,32.818,57.691,100,224,224,0.414,0.135,0.414,2
1467.0,15.776,24.071,77.776,86.071,31.309,55.505,100,224,224,0.421,0.136,0.421,2
4053.0,63.4,29.724,125.4,91.724,63.4,29.724,100,224,224,0.451,0.25,0.451,2
4077.0,63.727,30.954,125.727,92.954,63.727,30.954,100,224,224,0.454,0.249,0.454,2
4089.0,65.186,40.115,127.186,102.115,65.186,40.115,100,224,224,0.467,0.24,0.467,2
3976.0,60.984,23.477,122.984,85.477,60.984,23.477,100,224,224,0.424,0.256,0.424,2
979.0,20.034,14.876,82.034,76.876,49.784,48.062,100,224,224,0.415,0.191,0.415,2
1117.0,19.232,19.545,81.232,81.545,49.226,51.177,100,224,224,0.413,0.192,0.413,2
2168.0,23.023,28.78,85.023,90.78,40.01,54.849,100,224,224,0.404,0.183,0.404,2
3653.0,60.923,20.804,122.923,82.804,60.923,20.804,100,224,224,0.363,0.233,0.363,2
3658.0,61.127,21.069,123.127,83.069,61.123,21.072,100,224,224,0.386,0.246,0.386,2
1251.0,18.847,37.229,80.847,99.229,42.5,57.031,100,224,224,0.41,0.188,0.41,2
4033.0,53.339,45.385,115.339,107.385,55.896,47.868,100,224,224,0.461,0.268,0.461,2
4093.0,51.921,25.187,113.921,87.187,55.216,29.88,100,224,224,0.445,0.282,0.445,2
4551.0,52.083,25.315,114.083,87.315,54.287,29.035,100,224,224,0.552,0.262,0.552,2
4085.0,52.734,41.36,114.734,103.36,55.622,44.614,100,224,224,0.459,0.272,0.459,2
4228.0,56.352,22.365,118.352,84.365,55.46,24.834,100,224,224,0.528,0.291,0.528,2
3445.0,53.264,80.311,115.264,142.311,52.767,73.934,100,224,224,0.374,0.275,0.374,2
4040.0,51.897,23.725,113.897,85.725,55.194,28.848,100,224,224,0.442,0.285,0.442,2
4730.0,51.986,25.592,113.986,87.592,53.774,28.815,100,224,224,0.571,0.272,0.571,2
3475.0,57.986,19.189,119.986,81.189,56.514,23.482,100,224,224,0.418,0.254,0.418,2
3655.0,21.063,43.636,83.063,105.636,28.767,41.763,100,224,224,0.243,0.121,0.243,2
3846.0,25.098,36.765,87.098,98.765,30.93,36.287,100,224,224,0.251,0.117,0.251,2
2648.0,15.64,44.528,77.64,106.528,27.213,52.531,100,224,224,0.32,0.22,0.32,2
3736.0,25.771,33.298,87.771,95.298,31.27,34.805,100,224,224,0.255,0.121,0.255,2
3872.0,24.497,37.986,86.497,99.986,30.441,37.331,100,224,224,0.248,0.118,0.248,2
3766.0,22.871,40.586,84.871,102.586,29.558,39.472,100,224,224,0.244,0.119,0.244,2
3992.0,28.77,36.118,90.77,98.118,31.984,37.264,100,224,224,0.313,0.186,0.313,2
2934.0,15.503,49.229,77.503,111.229,25.586,56.476,100,224,224,0.317,0.222,0.317,2
2233.0,34.82,20.765,96.82,82.765,31.846,44.58,100,224,224,0.327,0.208,0.327,2
3905.0,24.806,37.696,86.806,99.696,30.604,37.105,100,224,224,0.248,0.118,0.248,2
3543.0,29.507,71.544,91.507,133.544,32.218,63.523,100,224,224,0.416,0.135,0.416,2
3936.0,32.753,56.354,94.753,118.354,33.027,56.332,100,224,224,0.503,0.169,0.503,2
18.0,0.944,3.889,62.944,65.889,41.844,26.34,100,224,224,0.341,0.194,0.341,2
3564.0,30.26,70.942,92.26,132.942,32.39,64.112,100,224,224,0.419,0.14,0.419,2
3933.0,33.283,59.347,95.283,121.347,33.562,59.344,100,224,224,0.498,0.17,0.498,2
3942.0,33.218,58.669,95.218,120.669,33.469,58.662,100,224,224,0.499,0.17,0.499,2
3585.0,31.962,67.418,93.962,129.418,34.567,66.791,100,224,224,0.448,0.169,0.448,2
3872.0,32.798,52.171,94.798,114.171,32.231,51.485,100,224,224,0.515,0.165,0.515,2
3579.0,30.816,70.648,92.816,132.648,32.666,65.483,100,224,224,0.424,0.147,0.424,2
3724.0,33.161,65.286,95.161,127.286,34.874,65.115,100,224,224,0.463,0.172,0.463,2
1364.0,17.301,23.837,79.301,85.837,29.784,55.018,100,224,224,0.45,0.137,0.45,2
4117.0,25.441,58.798,87.441,120.798,29.864,57.694,100,224,224,0.399,0.116,0.399,2
1097.0,16.728,16.088,78.728,78.088,29.054,50.688,100,224,224,0.452,0.137,0.452,2
4129.0,24.791,57.349,86.791,119.349,29.727,56.009,100,224,224,0.396,0.11,0.396,2
4048.0,24.025,55.997,86.025,117.997,29.808,54.395,100,224,224,0.393,0.105,0.393,2
3047.0,37.899,26.114,99.899,88.114,36.176,33.599,100,224,224,0.273,0.145,0.273,2
4065.0,30.585,63.64,92.585,125.64,32.344,62.928,100,224,224,0.43,0.134,0.43,2
2715.0,30.793,79.198,92.793,141.198,36.109,58.482,100,224,224,0.433,0.127,0.433,2
3518.0,43.524,71.011,105.524,133.011,43.315,69.913,100,224,224,0.497,0.19,0.497,2
3404.0,42.931,71.827,104.931,133.827,42.594,69.571,100,224,224,0.487,0.186,0.487,2
2451.0,29.105,80.356,91.105,142.356,35.849,56.191,100,224,224,0.431,0.128,0.431,2
154.0,4.532,54.039,66.532,116.039,51.226,27.213,100,224,224,0.422,0.22,0.422,2
3541.0,43.528,70.909,105.528,132.909,43.403,70.031,100,224,224,0.498,0.191,0.498,2
3654.0,43.95,70.235,105.95,132.235,43.895,69.987,100,224,224,0.506,0.191,0.506,2
154.0,4.584,53.097,66.584,115.097,51.026,27.065,100,224,224,0.421,0.22,0.421,2
3809.0,22.559,41.554,84.559,103.554,28.786,40.533,100,224,224,0.24,0.129,0.24,2
2907.0,29.927,39.438,91.927,101.438,31.038,49.86,100,224,224,0.375,0.23,0.375,2
3281.0,28.643,49.098,90.643,111.098,29.059,51.558,100,224,224,0.368,0.228,0.368,2
3779.0,23.958,38.593,85.958,100.593,29.421,37.777,100,224,224,0.25,0.142,0.25,2
2722.0,31.406,28.258,93.406,90.258,30.889,43.611,100,224,224,0.369,0.232,0.369,2
3698.0,27.619,34.151,89.619,96.151,31.964,35.828,100,224,224,0.329,0.232,0.329,2
3609.0,30.863,25.492,92.863,87.492,31.526,27.137,100,224,224,0.312,0.217,0.312,2
3365.0,28.399,50.211,90.399,112.211,28.942,51.684,100,224,224,0.368,0.229,0.368,2
3491.0,24.138,32.848,86.138,94.848,29.766,36.26,100,224,224,0.258,0.154,0.258,2
3810.0,21.813,43.018,83.813,105.018,28.597,41.768,100,224,224,0.237,0.129,0.237,2
2398.0,33.317,81.656,95.317,143.656,35.771,55.715,100,224,224,0.379,0.167,0.379,2
2912.0,51.126,24.623,113.126,86.623,50.047,28.325,100,224,224,0.398,0.225,0.398,2
2649.0,37.324,77.986,99.324,139.986,37.484,59.278,100,224,224,0.398,0.192,0.398,2
2732.0,39.708,75.859,101.708,137.859,39.321,61.294,100,224,224,0.408,0.203,0.408,2
2617.0,36.616,78.774,98.616,140.774,36.996,58.611,100,224,224,0.394,0.187,0.394,2
2871.0,49.65,22.658,111.65,84.658,48.959,26.998,100,224,224,0.383,0.224,0.383,2
3779.0,39.409,54.743,101.409,116.743,39.815,54.307,100,224,224,0.467,0.2,0.467,2
2882.0,50.305,23.626,112.305,85.626,49.619,27.611,100,224,224,0.39,0.226,0.39,2
3709.0,33.069,24.398,95.069,86.398,33.057,24.438,100,224,224,0.347,0.245,0.347,2
3779.0,23.022,42.002,85.022,104.002,29.487,39.885,100,224,224,0.243,0.13,0.243,2
3502.0,30.801,24.681,92.801,86.681,31.054,26.636,100,224,224,0.322,0.222,0.322,2
3001.0,32.875,27.594,94.875,89.594,30.221,39.609,100,224,224,0.408,0.253,0.408,2
3036.0,32.321,31.521,94.321,93.521,29.96,42.691,100,224,224,0.414,0.25,0.414,2
3450.0,30.338,24.67,92.338,86.67,30.751,27.257,100,224,224,0.315,0.217,0.315,2
3152.0,31.416,43.274,93.416,105.274,30.471,49.721,100,224,224,0.42,0.246,0.42,2
3312.0,30.868,53.53,92.868,115.53,30.508,53.865,100,224,224,0.413,0.246,0.413,2
2999.0,33.358,24.583,95.358,86.583,30.723,37.249,100,224,224,0.401,0.256,0.401,2
3689.0,26.092,63.332,88.092,125.332,26.92,62.889,100,224,224,0.367,0.247,0.367,2
3749.0,33.953,52.391,95.953,114.391,34.417,52.252,100,224,224,0.523,0.16,0.523,2
3511.0,35.821,69.991,97.821,131.991,37.916,65.463,100,224,224,0.47,0.165,0.47,2
3865.0,35.414,61.887,97.414,123.887,35.975,61.846,100,224,224,0.514,0.165,0.514,2
3647.0,36.096,69.158,98.096,131.158,37.767,66.448,100,224,224,0.476,0.167,0.476,2
2836.0,44.0,20.439,106.0,82.439,41.679,28.85,100,224,224,0.315,0.175,0.315,2
2016.0,23.747,80.275,85.747,142.275,32.817,51.026,100,224,224,0.435,0.13,0.435,2
3943.0,35.661,62.345,97.661,124.345,36.236,62.342,100,224,224,0.513,0.165,0.513,2
6172.0,52.892,59.352,114.892,121.352,52.892,59.352,100,224,224,0.726,0.308,0.726,2
5817.0,53.092,29.146,115.092,91.146,52.845,29.976,100,224,224,0.826,0.176,0.826,2
6099.0,52.725,30.592,114.725,92.592,52.712,30.972,100,224,224,0.869,0.143,0.869,2
5899.0,53.037,29.581,115.037,91.581,52.848,30.242,100,224,224,0.842,0.164,0.842,2
5943.0,52.995,29.811,114.995,91.811,52.825,30.395,100,224,224,0.845,0.161,0.845,2
6166.0,52.948,58.896,114.948,120.896,52.948,58.896,100,224,224,0.727,0.308,0.727,2
4002.0,52.383,19.793,114.383,81.793,49.302,26.148,100,224,224,0.634,0.217,0.634,2
5294.0,51.439,72.59,113.439,134.59,52.743,69.177,100,224,224,0.671,0.324,0.671,2
5518.0,55.393,28.809,117.393,90.809,55.348,29.084,100,224,224,0.823,0.169,0.823,2
6018.0,53.272,33.018,115.272,95.018,53.272,33.018,100,224,224,0.68,0.346,0.68,2
2964.0,43.031,23.662,105.031,85.662,40.199,33.826,100,224,224,0.194,0.132,0.194,2
2945.0,41.888,22.891,103.888,84.891,38.985,34.859,100,224,224,0.189,0.122,0.189,2
712.0,13.968,11.176,75.968,73.176,32.257,49.345,100,224,224,0.48,0.137,0.48,2
4196.0,27.331,59.314,89.331,121.314,32.358,58.498,100,224,224,0.42,0.113,0.42,2
1628.0,15.718,33.621,77.718,95.621,35.793,59.471,100,224,224,0.459,0.132,0.459,2
4270.0,26.141,58.386,88.141,120.386,31.642,57.574,100,224,224,0.415,0.106,0.415,2
1379.0,14.814,25.001,76.814,87.001,34.174,56.551,100,224,224,0.471,0.133,0.471,2
2964.0,41.675,22.832,103.675,84.832,38.834,34.916,100,224,224,0.188,0.121,0.188,2
3740.0,32.348,60.49,94.348,122.49,35.816,59.357,100,224,224,0.449,0.133,0.449,2
3710.0,29.886,27.958,91.886,89.958,29.836,28.055,100,224,224,0.342,0.237,0.342,2
3678.0,21.238,41.181,83.238,103.181,27.218,40.604,100,224,224,0.238,0.13,0.238,2
3625.0,28.295,28.082,90.295,90.082,28.283,28.18,100,224,224,0.322,0.228,0.322,2
3672.0,20.562,42.767,82.562,104.767,27.104,41.962,100,224,224,0.233,0.123,0.233,2
3655.0,20.994,41.514,82.994,103.514,27.159,40.873,100,224,224,0.236,0.127,0.236,2
3801.0,23.639,39.78,85.639,101.78,28.138,41.791,100,224,224,0.337,0.233,0.337,2
3682.0,28.726,28.167,90.726,90.167,28.705,28.23,100,224,224,0.327,0.231,0.327,2
3727.0,23.979,52.555,85.979,114.555,23.98,52.58,100,224,224,0.331,0.232,0.331,2
3622.0,19.585,44.657,81.585,106.657,26.932,43.436,100,224,224,0.228,0.122,0.228,2
3841.0,23.777,59.979,85.777,121.979,23.777,59.979,100,224,224,0.323,0.24,0.323,2
3869.0,22.97,42.092,84.97,104.092,28.776,41.331,100,224,224,0.253,0.122,0.253,2
3697.0,28.235,29.984,90.235,91.984,30.898,31.155,100,224,224,0.299,0.182,0.299,2
3584.0,19.869,46.799,81.869,108.799,27.406,45.086,100,224,224,0.249,0.127,0.249,2
3739.0,31.926,25.976,93.926,87.976,31.64,27.526,100,224,224,0.328,0.208,0.328,2
3548.0,19.521,47.455,81.521,109.455,27.278,45.527,100,224,224,0.248,0.128,0.248,2
3929.0,23.86,40.701,85.86,102.701,29.063,40.089,100,224,224,0.259,0.124,0.259,2
3865.0,25.056,38.005,87.056,100.005,29.692,37.544,100,224,224,0.267,0.136,0.267,2
3760.0,29.506,29.096,91.506,91.096,30.816,29.633,100,224,224,0.313,0.193,0.313,2
2565.0,32.766,28.652,94.766,90.652,30.829,45.452,100,224,224,0.34,0.22,0.34,2
2597.0,32.269,31.188,94.269,93.188,30.815,47.203,100,224,224,0.346,0.219,0.346,2
3230.0,30.491,74.69,92.491,136.69,34.493,61.93,100,224,224,0.429,0.133,0.429,2
3615.0,40.758,69.867,102.758,131.867,41.188,69.423,100,224,224,0.486,0.187,0.486,2
3705.0,41.611,67.041,103.611,129.041,41.485,66.613,100,224,224,0.531,0.185,0.531,2
3407.0,22.601,51.759,84.601,113.759,33.642,49.538,100,224,224,0.415,0.131,0.415,2
3722.0,41.545,65.711,103.545,127.711,41.399,65.239,100,224,224,0.536,0.183,0.536,2
3478.0,38.976,71.214,100.976,133.214,39.712,68.536,100,224,224,0.467,0.176,0.467,2
4449.0,27.688,44.523,89.688,106.523,29.041,44.471,100,224,224,0.515,0.237,0.515,2
3583.0,34.02,23.206,96.02,85.206,34.447,23.776,100,224,224,0.433,0.225,0.433,2
4466.0,28.627,59.108,90.627,121.108,29.193,59.435,100,224,224,0.505,0.249,0.505,2
3595.0,38.178,20.86,100.178,82.86,37.373,25.564,100,224,224,0.371,0.17,0.371,2
4496.0,27.35,53.676,89.35,115.676,28.752,53.743,100,224,224,0.516,0.244,0.516,2
4451.0,27.425,55.547,89.425,117.547,28.869,55.661,100,224,224,0.513,0.246,0.513,2
4098.0,34.533,26.331,96.533,88.331,34.533,26.331,100,224,224,0.508,0.263,0.508,2
4442.0,27.5,56.252,89.5,118.252,28.893,56.343,100,224,224,0.512,0.247,0.512,2
4513.0,27.275,52.978,89.275,114.978,28.659,53.036,100,224,224,0.516,0.243,0.516,2
4041.0,28.413,65.183,90.413,127.183,28.384,64.788,100,224,224,0.485,0.256,0.485,2
3881.0,38.106,23.429,100.106,85.429,38.106,23.429,100,224,224,0.39,0.272,0.39,2
3684.0,35.655,62.742,97.655,124.742,35.481,61.734,100,224,224,0.42,0.248,0.42,2
3744.0,24.754,40.568,86.754,102.568,30.574,39.775,100,224,224,0.249,0.132,0.249,2
3324.0,37.312,34.467,99.312,96.467,33.787,43.367,100,224,224,0.434,0.241,0.434,2
3360.0,19.136,49.51,81.136,111.51,27.563,47.879,100,224,224,0.239,0.138,0.239,2
3430.0,33.705,22.182,95.705,84.182,34.341,25.433,100,224,224,0.314,0.212,0.314,2
3557.0,29.765,28.216,91.765,90.216,32.966,31.526,100,224,224,0.285,0.177,0.285,2
3814.0,26.37,38.034,88.37,100.034,30.999,37.444,100,224,224,0.257,0.138,0.257,2
3447.0,33.469,22.417,95.469,84.417,34.141,25.93,100,224,224,0.309,0.21,0.309,2
3720.0,23.901,42.001,85.901,104.001,30.45,41.047,100,224,224,0.246,0.131,0.246,2
3257.0,52.062,80.774,114.062,142.774,49.309,73.826,100,224,224,0.432,0.202,0.432,2
5487.0,58.189,36.843,120.189,98.843,58.295,36.954,100,224,224,0.754,0.225,0.754,2
4914.0,55.585,25.428,117.585,87.428,55.585,25.428,100,224,224,0.626,0.272,0.626,2
5234.0,55.096,26.855,117.096,88.855,55.108,26.869,100,224,224,0.67,0.271,0.67,2
3309.0,52.757,80.625,114.757,142.625,51.007,75.844,100,224,224,0.456,0.22,0.456,2
5488.0,58.172,36.722,120.172,98.722,58.271,36.826,100,224,224,0.754,0.225,0.754,2
5481.0,56.979,33.516,118.979,95.516,57.132,33.673,100,224,224,0.74,0.238,0.74,2
5409.0,54.935,27.937,116.935,89.937,54.935,27.937,100,224,224,0.689,0.266,0.689,2
359.0,5.833,30.967,67.833,92.967,44.094,71.861,100,224,224,0.445,0.28,0.445,2
121.0,3.57,7.983,65.57,69.983,46.725,54.385,100,224,224,0.665,0.244,0.665,2
371.0,5.911,36.62,67.911,98.62,43.107,73.096,100,224,224,0.415,0.286,0.415,2
4980.0,47.998,44.469,109.998,106.469,47.636,45.6,100,224,224,0.689,0.227,0.689,2
286.0,17.577,3.479,79.577,65.479,34.247,62.263,100,224,224,0.27,0.213,0.27,2
362.0,5.826,32.055,67.826,94.055,44.087,72.276,100,224,224,0.444,0.28,0.444,2
1927.0,46.345,12.643,108.345,74.643,39.08,36.986,100,224,224,0.253,0.197,0.253,2
5002.0,48.061,41.288,110.061,103.288,47.863,43.181,100,224,224,0.671,0.245,0.671,2
5004.0,61.409,38.806,123.409,100.806,61.46,38.882,100,224,224,0.651,0.248,0.651,2
4950.0,61.774,48.714,123.774,110.714,61.774,48.714,100,224,224,0.664,0.232,0.664,2
3363.0,61.405,68.606,123.405,130.606,58.999,66.163,100,224,224,0.469,0.231,0.469,2
4903.0,56.875,26.233,118.875,88.233,57.072,26.477,100,224,224,0.595,0.276,0.595,2
5036.0,59.228,31.494,121.228,93.494,59.319,31.619,100,224,224,0.627,0.264,0.627,2
827.0,18.782,50.884,80.782,112.884,58.231,50.14,100,224,224,0.481,0.22,0.481,2
4952.0,57.845,28.047,119.845,90.047,57.985,28.239,100,224,224,0.609,0.273,0.609,2
824.0,18.755,53.113,80.755,115.113,58.512,51.962,100,224,224,0.479,0.221,0.479,2
3703.0,42.642,27.09,104.642,89.09,43.045,27.827,100,224,224,0.504,0.26,0.504,2
3598.0,41.168,22.57,103.168,84.57,41.227,24.805,100,224,224,0.462,0.247,0.462,2
112.0,4.295,35.786,66.295,97.786,44.331,30.746,100,224,224,0.531,0.256,0.531,2
110.0,4.473,35.509,66.473,97.509,44.421,30.678,100,224,224,0.531,0.256,0.531,2
836.0,18.83,11.306,80.83,73.306,33.431,61.621,100,224,224,0.442,0.19,0.442,2
1687.0,20.014,20.891,82.014,82.891,34.942,53.277,100,224,224,0.404,0.152,0.404,2
3723.0,42.768,27.567,104.768,89.567,43.152,28.197,100,224,224,0.511,0.258,0.511,2
3632.0,24.022,34.218,86.022,96.218,29.866,34.944,100,224,224,0.277,0.144,0.277,2
3903.0,30.901,27.611,92.901,89.611,31.524,29.254,100,224,224,0.344,0.212,0.344,2
3643.0,24.743,33.381,86.743,95.381,30.104,34.125,100,224,224,0.284,0.15,0.284,2
3988.0,24.693,59.562,86.693,121.562,26.406,58.138,100,224,224,0.343,0.212,0.343,2
3963.0,26.715,62.147,88.715,124.147,27.27,62.327,100,224,224,0.373,0.238,0.373,2
3841.0,25.333,60.913,87.333,122.913,26.803,60.683,100,224,224,0.361,0.225,0.361,2
3703.0,26.155,31.949,88.155,93.949,30.466,32.425,100,224,224,0.3,0.168,0.3,2
3356.0,38.907,22.219,100.907,84.219,34.403,32.068,100,224,224,0.449,0.225,0.449,2
3965.0,27.376,62.144,89.376,124.144,27.794,62.326,100,224,224,0.377,0.242,0.377,2
3229.0,42.377,17.4,104.377,79.4,36.726,26.855,100,224,224,0.426,0.252,0.426,2
1280.0,23.466,57.129,85.466,119.129,50.675,55.686,100,224,224,0.487,0.218,0.487,2
5010.0,56.476,29.259,118.476,91.259,56.484,29.27,100,224,224,0.634,0.248,0.634,2
4827.0,58.458,40.996,120.458,102.996,58.458,40.996,100,224,224,0.66,0.222,0.66,2
4797.0,37.812,58.65,99.812,120.65,37.851,58.645,100,224,224,0.384,0.165,0.384,2
4773.0,58.454,44.895,120.454,106.895,58.454,44.895,100,224,224,0.663,0.217,0.663,2
1273.0,23.499,51.731,85.499,113.731,50.329,51.547,100,224,224,0.49,0.216,0.49,2
1345.0,23.636,71.013,85.636,133.013,51.374,67.223,100,224,224,0.481,0.225,0.481,2
4954.0,57.886,34.558,119.886,96.558,57.886,34.558,100,224,224,0.649,0.234,0.649,2
3589.0,55.087,48.564,117.087,110.564,54.416,49.826,100,224,224,0.56,0.209,0.56,2
5246.0,60.254,39.338,122.254,101.338,60.261,39.347,100,224,224,0.7,0.241,0.7,2
3892.0,58.71,71.864,120.71,133.864,57.746,70.781,100,224,224,0.504,0.242,0.504,2
3727.0,58.872,55.925,120.872,117.925,58.171,55.231,100,224,224,0.515,0.228,0.515,2
5255.0,59.734,37.063,121.734,99.063,59.741,37.071,100,224,224,0.693,0.247,0.693,2
3885.0,58.622,72.716,120.622,134.716,57.63,71.604,100,224,224,0.503,0.243,0.503,2
2681.0,58.95,84.377,120.95,146.377,49.478,71.768,100,224,224,0.414,0.211,0.414,2
3800.0,58.923,62.324,120.923,124.324,58.116,61.356,100,224,224,0.51,0.234,0.51,2
4983.0,55.856,25.723,117.856,87.723,55.856,25.723,100,224,224,0.608,0.285,0.608,2
4676.0,56.129,24.234,118.129,86.234,56.129,24.234,100,224,224,0.574,0.283,0.574,2
5213.0,60.734,43.876,122.734,105.876,60.734,43.876,100,224,224,0.706,0.232,0.706,2
5054.0,47.833,30.095,109.833,92.095,47.856,30.114,100,224,224,0.673,0.251,0.673,2
4357.0,48.533,23.301,110.533,85.301,48.533,23.301,100,224,224,0.569,0.257,0.569,2
4997.0,47.803,32.266,109.803,94.266,48.002,32.14,100,224,224,0.684,0.243,0.684,2
4657.0,48.457,24.728,110.457,86.728,48.553,24.795,100,224,224,0.614,0.266,0.614,2
5031.0,47.521,28.348,109.521,90.348,47.559,28.379,100,224,224,0.661,0.257,0.661,2
4558.0,47.661,47.664,109.661,109.664,47.671,47.645,100,224,224,0.665,0.215,0.665,2
4865.0,48.626,43.069,110.626,105.069,48.794,42.745,100,224,224,0.713,0.214,0.713,2
3288.0,42.752,78.736,104.752,140.736,41.029,71.355,100,224,224,0.448,0.225,0.448,2
3337.0,45.771,79.954,107.771,141.954,43.248,74.647,100,224,224,0.491,0.246,0.491,2
808.0,20.434,54.645,82.434,116.645,62.608,52.854,100,224,224,0.49,0.222,0.49,2
792.0,20.561,43.723,82.561,105.723,62.323,43.569,100,224,224,0.501,0.22,0.501,2
5092.0,62.279,39.065,124.279,101.065,62.235,39.098,100,224,224,0.679,0.239,0.679,2
4359.0,58.081,23.52,120.081,85.52,58.081,23.52,100,224,224,0.546,0.261,0.546,2
796.0,20.44,46.521,82.44,108.521,61.896,46.138,100,224,224,0.492,0.22,0.492,2
4769.0,57.229,25.316,119.229,87.316,57.229,25.316,100,224,224,0.591,0.27,0.591,2
795.0,20.323,45.128,82.323,107.128,61.815,44.848,100,224,224,0.492,0.22,0.492,2
797.0,20.41,50.68,82.41,112.68,62.39,49.605,100,224,224,0.491,0.22,0.491,2
5228.0,62.534,38.543,124.534,100.543,62.534,38.543,100,224,224,0.71,0.236,0.71,2
5113.0,57.738,27.932,119.738,89.932,57.738,27.932,100,224,224,0.646,0.264,0.646,2
5262.0,62.862,39.66,124.862,101.66,62.862,39.66,100,224,224,0.713,0.234,0.713,2
5192.0,60.182,32.578,122.182,94.578,60.189,32.587,100,224,224,0.683,0.252,0.683,2
656.0,16.162,72.117,78.162,134.117,62.376,68.705,100,224,224,0.521,0.242,0.521,2
5113.0,57.738,27.932,119.738,89.932,57.738,27.932,100,224,224,0.646,0.264,0.646,2
2909.0,61.898,81.65,123.898,143.65,55.913,74.116,100,224,224,0.455,0.221,0.455,2
5153.0,59.23,30.485,121.23,92.485,59.23,30.485,100,224,224,0.668,0.258,0.668,2
4487.0,58.152,24.35,120.152,86.35,58.363,24.601,100,224,224,0.578,0.263,0.578,2
728.0,16.691,83.518,78.691,145.518,59.514,74.347,100,224,224,0.496,0.237,0.496,2
